{"1000":{"name":"1000","url":"https://emoji.slack-edge.com/TDMMY3DB9/1000/79c5e687a41af842.jpg","team_id":"TDMMY3DB9","user_id":"UDZDDA43F","created":1690480178,"user_display_name":"Mickey","avatar_hash":"3dce6e0f7bf1"},"1000_":{"name":"1000_","url":"https://emoji.slack-edge.com/TDMMY3DB9/1000_/850b483d90e58b77.png","team_id":"TDMMY3DB9","user_id":"UDZDDA43F","created":1690480885,"user_display_name":"Mickey","avatar_hash":"3dce6e0f7bf1"},"484-4843926_fallout-png-thumbs-up-fallout-boy-transparent-png":{"name":"484-4843926_fallout-png-thumbs-up-fallout-boy-transparent-png","url":"https://emoji.slack-edge.com/TDMMY3DB9/484-4843926_fallout-png-thumbs-up-fallout-boy-transparent-png/617ccfa325c26b59.png","team_id":"TDMMY3DB9","user_id":"UDYL6J5K5","created":1648480722,"user_display_name":"Vlad Babkin","avatar_hash":"6a035c1059fa"},"aaaaaa":{"name":"aaaaaa","url":"https://emoji.slack-edge.com/TDMMY3DB9/aaaaaa/0eb0a252b45dba00.gif","team_id":"TDMMY3DB9","user_id":"U0325HK3NKH","created":1688143125,"user_display_name":"Maximiliano Sibert","avatar_hash":"7f62baa54f5e"},"ab_is_unimpressed":{"name":"ab_is_unimpressed","url":"https://emoji.slack-edge.com/TDMMY3DB9/ab_is_unimpressed/ea20330c8edf8bd4.jpg","team_id":"TDMMY3DB9","user_id":"U0634FKRY1K","created":1717526961,"user_display_name":"Corey Bodzin","avatar_hash":"4e969f31327b"},"abram":{"name":"abram","url":"https://emoji.slack-edge.com/TDMMY3DB9/abram/162177966309d939.jpg","team_id":"TDMMY3DB9","user_id":"UDYS5AREY","created":1670454364,"user_display_name":"Daniel Gutson","avatar_hash":"0aa12c266c07"},"ack":{"name":"ack","url":"https://emoji.slack-edge.com/TDMMY3DB9/ack/17f0fef5d1080817.png","team_id":"TDMMY3DB9","user_id":"U0325HK3NKH","created":1645449458,"user_display_name":"Maximiliano Sibert","avatar_hash":"7f62baa54f5e"},"actually":{"name":"actually","url":"https://emoji.slack-edge.com/TDMMY3DB9/actually/312fd2e61cb8384c.png","team_id":"TDMMY3DB9","user_id":"UDY3G9SGG","created":1586880597,"user_display_name":"Martin Galvan","avatar_hash":"a6d43e35aea3"},"agite":{"name":"agite","url":"https://emoji.slack-edge.com/TDMMY3DB9/agite/3a2d0ce39b70da83.gif","team_id":"TDMMY3DB9","user_id":"U0325HK3NKH","created":1659729054,"user_display_name":"Maximiliano Sibert","avatar_hash":"7f62baa54f5e"},"ahhhhhhhhh":{"name":"ahhhhhhhhh","url":"https://emoji.slack-edge.com/TDMMY3DB9/ahhhhhhhhh/02f542a4c930409e.gif","team_id":"TDMMY3DB9","user_id":"U0325HK3NKH","created":1659363938,"user_display_name":"Maximiliano Sibert","avatar_hash":"7f62baa54f5e"},"alphabet-white-a":{"name":"alphabet-white-a","url":"https://emoji.slack-edge.com/TDMMY3DB9/alphabet-white-a/56d2b2c55caf58f1.png","team_id":"TDMMY3DB9","user_id":"U02HXM5B5QC","created":1634591330,"user_display_name":"Chuck Tran","avatar_hash":"b5cf914be507"},"alphabet-white-at":{"name":"alphabet-white-at","url":"https://emoji.slack-edge.com/TDMMY3DB9/alphabet-white-at/56d2b2c55caf58f1.png","team_id":"TDMMY3DB9","user_id":"U02HXM5B5QC","created":1634591330,"user_display_name":"Chuck Tran","avatar_hash":"b5cf914be507"},"alphabet-white-b":{"name":"alphabet-white-b","url":"https://emoji.slack-edge.com/TDMMY3DB9/alphabet-white-b/56d2b2c55caf58f1.png","team_id":"TDMMY3DB9","user_id":"U02HXM5B5QC","created":1634591330,"user_display_name":"Chuck Tran","avatar_hash":"b5cf914be507"},"alphabet-white-c":{"name":"alphabet-white-c","url":"https://emoji.slack-edge.com/TDMMY3DB9/alphabet-white-c/56d2b2c55caf58f1.png","team_id":"TDMMY3DB9","user_id":"U02HXM5B5QC","created":1634591330,"user_display_name":"Chuck Tran","avatar_hash":"b5cf914be507"},"alphabet-white-d":{"name":"alphabet-white-d","url":"https://emoji.slack-edge.com/TDMMY3DB9/alphabet-white-d/56d2b2c55caf58f1.png","team_id":"TDMMY3DB9","user_id":"U02HXM5B5QC","created":1634591330,"user_display_name":"Chuck Tran","avatar_hash":"b5cf914be507"},"alphabet-white-e":{"name":"alphabet-white-e","url":"https://emoji.slack-edge.com/TDMMY3DB9/alphabet-white-e/56d2b2c55caf58f1.png","team_id":"TDMMY3DB9","user_id":"U02HXM5B5QC","created":1634591330,"user_display_name":"Chuck Tran","avatar_hash":"b5cf914be507"},"alphabet-white-exclamation":{"name":"alphabet-white-exclamation","url":"https://emoji.slack-edge.com/TDMMY3DB9/alphabet-white-exclamation/56d2b2c55caf58f1.png","team_id":"TDMMY3DB9","user_id":"U02HXM5B5QC","created":1634591330,"user_display_name":"Chuck Tran","avatar_hash":"b5cf914be507"},"alphabet-white-f":{"name":"alphabet-white-f","url":"https://emoji.slack-edge.com/TDMMY3DB9/alphabet-white-f/56d2b2c55caf58f1.png","team_id":"TDMMY3DB9","user_id":"U02HXM5B5QC","created":1634591330,"user_display_name":"Chuck Tran","avatar_hash":"b5cf914be507"},"alphabet-white-g":{"name":"alphabet-white-g","url":"https://emoji.slack-edge.com/TDMMY3DB9/alphabet-white-g/56d2b2c55caf58f1.png","team_id":"TDMMY3DB9","user_id":"U02HXM5B5QC","created":1634591330,"user_display_name":"Chuck Tran","avatar_hash":"b5cf914be507"},"alphabet-white-h":{"name":"alphabet-white-h","url":"https://emoji.slack-edge.com/TDMMY3DB9/alphabet-white-h/56d2b2c55caf58f1.png","team_id":"TDMMY3DB9","user_id":"U02HXM5B5QC","created":1634591330,"user_display_name":"Chuck Tran","avatar_hash":"b5cf914be507"},"alphabet-white-hash":{"name":"alphabet-white-hash","url":"https://emoji.slack-edge.com/TDMMY3DB9/alphabet-white-hash/56d2b2c55caf58f1.png","team_id":"TDMMY3DB9","user_id":"U02HXM5B5QC","created":1634591330,"user_display_name":"Chuck Tran","avatar_hash":"b5cf914be507"},"alphabet-white-i":{"name":"alphabet-white-i","url":"https://emoji.slack-edge.com/TDMMY3DB9/alphabet-white-i/56d2b2c55caf58f1.png","team_id":"TDMMY3DB9","user_id":"U02HXM5B5QC","created":1634591330,"user_display_name":"Chuck Tran","avatar_hash":"b5cf914be507"},"alphabet-white-j":{"name":"alphabet-white-j","url":"https://emoji.slack-edge.com/TDMMY3DB9/alphabet-white-j/56d2b2c55caf58f1.png","team_id":"TDMMY3DB9","user_id":"U02HXM5B5QC","created":1634591330,"user_display_name":"Chuck Tran","avatar_hash":"b5cf914be507"},"alphabet-white-k":{"name":"alphabet-white-k","url":"https://emoji.slack-edge.com/TDMMY3DB9/alphabet-white-k/56d2b2c55caf58f1.png","team_id":"TDMMY3DB9","user_id":"U02HXM5B5QC","created":1634591330,"user_display_name":"Chuck Tran","avatar_hash":"b5cf914be507"},"alphabet-white-l":{"name":"alphabet-white-l","url":"https://emoji.slack-edge.com/TDMMY3DB9/alphabet-white-l/56d2b2c55caf58f1.png","team_id":"TDMMY3DB9","user_id":"U02HXM5B5QC","created":1634591330,"user_display_name":"Chuck Tran","avatar_hash":"b5cf914be507"},"alphabet-white-m":{"name":"alphabet-white-m","url":"https://emoji.slack-edge.com/TDMMY3DB9/alphabet-white-m/56d2b2c55caf58f1.png","team_id":"TDMMY3DB9","user_id":"U02HXM5B5QC","created":1634591330,"user_display_name":"Chuck Tran","avatar_hash":"b5cf914be507"},"alphabet-white-n":{"name":"alphabet-white-n","url":"https://emoji.slack-edge.com/TDMMY3DB9/alphabet-white-n/56d2b2c55caf58f1.png","team_id":"TDMMY3DB9","user_id":"U02HXM5B5QC","created":1634591330,"user_display_name":"Chuck Tran","avatar_hash":"b5cf914be507"},"alphabet-white-o":{"name":"alphabet-white-o","url":"https://emoji.slack-edge.com/TDMMY3DB9/alphabet-white-o/56d2b2c55caf58f1.png","team_id":"TDMMY3DB9","user_id":"U02HXM5B5QC","created":1634591330,"user_display_name":"Chuck Tran","avatar_hash":"b5cf914be507"},"alphabet-white-p":{"name":"alphabet-white-p","url":"https://emoji.slack-edge.com/TDMMY3DB9/alphabet-white-p/56d2b2c55caf58f1.png","team_id":"TDMMY3DB9","user_id":"U02HXM5B5QC","created":1634591330,"user_display_name":"Chuck Tran","avatar_hash":"b5cf914be507"},"alphabet-white-q":{"name":"alphabet-white-q","url":"https://emoji.slack-edge.com/TDMMY3DB9/alphabet-white-q/56d2b2c55caf58f1.png","team_id":"TDMMY3DB9","user_id":"U02HXM5B5QC","created":1634591330,"user_display_name":"Chuck Tran","avatar_hash":"b5cf914be507"},"alphabet-white-question":{"name":"alphabet-white-question","url":"https://emoji.slack-edge.com/TDMMY3DB9/alphabet-white-question/56d2b2c55caf58f1.png","team_id":"TDMMY3DB9","user_id":"U02HXM5B5QC","created":1634591330,"user_display_name":"Chuck Tran","avatar_hash":"b5cf914be507"},"alphabet-white-r":{"name":"alphabet-white-r","url":"https://emoji.slack-edge.com/TDMMY3DB9/alphabet-white-r/56d2b2c55caf58f1.png","team_id":"TDMMY3DB9","user_id":"U02HXM5B5QC","created":1634591330,"user_display_name":"Chuck Tran","avatar_hash":"b5cf914be507"},"alphabet-white-s":{"name":"alphabet-white-s","url":"https://emoji.slack-edge.com/TDMMY3DB9/alphabet-white-s/56d2b2c55caf58f1.png","team_id":"TDMMY3DB9","user_id":"U02HXM5B5QC","created":1634591330,"user_display_name":"Chuck Tran","avatar_hash":"b5cf914be507"},"alphabet-white-t":{"name":"alphabet-white-t","url":"https://emoji.slack-edge.com/TDMMY3DB9/alphabet-white-t/56d2b2c55caf58f1.png","team_id":"TDMMY3DB9","user_id":"U02HXM5B5QC","created":1634591330,"user_display_name":"Chuck Tran","avatar_hash":"b5cf914be507"},"alphabet-white-u":{"name":"alphabet-white-u","url":"https://emoji.slack-edge.com/TDMMY3DB9/alphabet-white-u/56d2b2c55caf58f1.png","team_id":"TDMMY3DB9","user_id":"U02HXM5B5QC","created":1634591330,"user_display_name":"Chuck Tran","avatar_hash":"b5cf914be507"},"alphabet-white-v":{"name":"alphabet-white-v","url":"https://emoji.slack-edge.com/TDMMY3DB9/alphabet-white-v/56d2b2c55caf58f1.png","team_id":"TDMMY3DB9","user_id":"U02HXM5B5QC","created":1634591330,"user_display_name":"Chuck Tran","avatar_hash":"b5cf914be507"},"alphabet-white-w":{"name":"alphabet-white-w","url":"https://emoji.slack-edge.com/TDMMY3DB9/alphabet-white-w/56d2b2c55caf58f1.png","team_id":"TDMMY3DB9","user_id":"U02HXM5B5QC","created":1634591330,"user_display_name":"Chuck Tran","avatar_hash":"b5cf914be507"},"alphabet-white-x":{"name":"alphabet-white-x","url":"https://emoji.slack-edge.com/TDMMY3DB9/alphabet-white-x/56d2b2c55caf58f1.png","team_id":"TDMMY3DB9","user_id":"U02HXM5B5QC","created":1634591330,"user_display_name":"Chuck Tran","avatar_hash":"b5cf914be507"},"alphabet-white-y":{"name":"alphabet-white-y","url":"https://emoji.slack-edge.com/TDMMY3DB9/alphabet-white-y/56d2b2c55caf58f1.png","team_id":"TDMMY3DB9","user_id":"U02HXM5B5QC","created":1634591330,"user_display_name":"Chuck Tran","avatar_hash":"b5cf914be507"},"alphabet-white-z":{"name":"alphabet-white-z","url":"https://emoji.slack-edge.com/TDMMY3DB9/alphabet-white-z/56d2b2c55caf58f1.png","team_id":"TDMMY3DB9","user_id":"U02HXM5B5QC","created":1634591330,"user_display_name":"Chuck Tran","avatar_hash":"b5cf914be507"},"alphabet-yellow-a":{"name":"alphabet-yellow-a","url":"https://emoji.slack-edge.com/TDMMY3DB9/alphabet-yellow-a/56d2b2c55caf58f1.png","team_id":"TDMMY3DB9","user_id":"U02HXM5B5QC","created":1634591330,"user_display_name":"Chuck Tran","avatar_hash":"b5cf914be507"},"alphabet-yellow-at":{"name":"alphabet-yellow-at","url":"https://emoji.slack-edge.com/TDMMY3DB9/alphabet-yellow-at/56d2b2c55caf58f1.png","team_id":"TDMMY3DB9","user_id":"U02HXM5B5QC","created":1634591330,"user_display_name":"Chuck Tran","avatar_hash":"b5cf914be507"},"alphabet-yellow-b":{"name":"alphabet-yellow-b","url":"https://emoji.slack-edge.com/TDMMY3DB9/alphabet-yellow-b/56d2b2c55caf58f1.png","team_id":"TDMMY3DB9","user_id":"U02HXM5B5QC","created":1634591330,"user_display_name":"Chuck Tran","avatar_hash":"b5cf914be507"},"alphabet-yellow-c":{"name":"alphabet-yellow-c","url":"https://emoji.slack-edge.com/TDMMY3DB9/alphabet-yellow-c/56d2b2c55caf58f1.png","team_id":"TDMMY3DB9","user_id":"U02HXM5B5QC","created":1634591330,"user_display_name":"Chuck Tran","avatar_hash":"b5cf914be507"},"alphabet-yellow-d":{"name":"alphabet-yellow-d","url":"https://emoji.slack-edge.com/TDMMY3DB9/alphabet-yellow-d/56d2b2c55caf58f1.png","team_id":"TDMMY3DB9","user_id":"U02HXM5B5QC","created":1634591330,"user_display_name":"Chuck Tran","avatar_hash":"b5cf914be507"},"alphabet-yellow-e":{"name":"alphabet-yellow-e","url":"https://emoji.slack-edge.com/TDMMY3DB9/alphabet-yellow-e/56d2b2c55caf58f1.png","team_id":"TDMMY3DB9","user_id":"U02HXM5B5QC","created":1634591330,"user_display_name":"Chuck Tran","avatar_hash":"b5cf914be507"},"alphabet-yellow-exclamation":{"name":"alphabet-yellow-exclamation","url":"https://emoji.slack-edge.com/TDMMY3DB9/alphabet-yellow-exclamation/56d2b2c55caf58f1.png","team_id":"TDMMY3DB9","user_id":"U02HXM5B5QC","created":1634591330,"user_display_name":"Chuck Tran","avatar_hash":"b5cf914be507"},"alphabet-yellow-f":{"name":"alphabet-yellow-f","url":"https://emoji.slack-edge.com/TDMMY3DB9/alphabet-yellow-f/56d2b2c55caf58f1.png","team_id":"TDMMY3DB9","user_id":"U02HXM5B5QC","created":1634591330,"user_display_name":"Chuck Tran","avatar_hash":"b5cf914be507"},"alphabet-yellow-g":{"name":"alphabet-yellow-g","url":"https://emoji.slack-edge.com/TDMMY3DB9/alphabet-yellow-g/d21f798a01513fa8.png","team_id":"TDMMY3DB9","user_id":"U02HXM5B5QC","created":1634591331,"user_display_name":"Chuck Tran","avatar_hash":"b5cf914be507"},"alphabet-yellow-h":{"name":"alphabet-yellow-h","url":"https://emoji.slack-edge.com/TDMMY3DB9/alphabet-yellow-h/d21f798a01513fa8.png","team_id":"TDMMY3DB9","user_id":"U02HXM5B5QC","created":1634591331,"user_display_name":"Chuck Tran","avatar_hash":"b5cf914be507"},"alphabet-yellow-hash":{"name":"alphabet-yellow-hash","url":"https://emoji.slack-edge.com/TDMMY3DB9/alphabet-yellow-hash/d21f798a01513fa8.png","team_id":"TDMMY3DB9","user_id":"U02HXM5B5QC","created":1634591331,"user_display_name":"Chuck Tran","avatar_hash":"b5cf914be507"},"alphabet-yellow-i":{"name":"alphabet-yellow-i","url":"https://emoji.slack-edge.com/TDMMY3DB9/alphabet-yellow-i/d21f798a01513fa8.png","team_id":"TDMMY3DB9","user_id":"U02HXM5B5QC","created":1634591331,"user_display_name":"Chuck Tran","avatar_hash":"b5cf914be507"},"alphabet-yellow-j":{"name":"alphabet-yellow-j","url":"https://emoji.slack-edge.com/TDMMY3DB9/alphabet-yellow-j/d21f798a01513fa8.png","team_id":"TDMMY3DB9","user_id":"U02HXM5B5QC","created":1634591331,"user_display_name":"Chuck Tran","avatar_hash":"b5cf914be507"},"alphabet-yellow-k":{"name":"alphabet-yellow-k","url":"https://emoji.slack-edge.com/TDMMY3DB9/alphabet-yellow-k/d21f798a01513fa8.png","team_id":"TDMMY3DB9","user_id":"U02HXM5B5QC","created":1634591331,"user_display_name":"Chuck Tran","avatar_hash":"b5cf914be507"},"alphabet-yellow-l":{"name":"alphabet-yellow-l","url":"https://emoji.slack-edge.com/TDMMY3DB9/alphabet-yellow-l/d21f798a01513fa8.png","team_id":"TDMMY3DB9","user_id":"U02HXM5B5QC","created":1634591331,"user_display_name":"Chuck Tran","avatar_hash":"b5cf914be507"},"alphabet-yellow-m":{"name":"alphabet-yellow-m","url":"https://emoji.slack-edge.com/TDMMY3DB9/alphabet-yellow-m/d21f798a01513fa8.png","team_id":"TDMMY3DB9","user_id":"U02HXM5B5QC","created":1634591331,"user_display_name":"Chuck Tran","avatar_hash":"b5cf914be507"},"alphabet-yellow-n":{"name":"alphabet-yellow-n","url":"https://emoji.slack-edge.com/TDMMY3DB9/alphabet-yellow-n/d21f798a01513fa8.png","team_id":"TDMMY3DB9","user_id":"U02HXM5B5QC","created":1634591331,"user_display_name":"Chuck Tran","avatar_hash":"b5cf914be507"},"alphabet-yellow-o":{"name":"alphabet-yellow-o","url":"https://emoji.slack-edge.com/TDMMY3DB9/alphabet-yellow-o/d21f798a01513fa8.png","team_id":"TDMMY3DB9","user_id":"U02HXM5B5QC","created":1634591331,"user_display_name":"Chuck Tran","avatar_hash":"b5cf914be507"},"alphabet-yellow-p":{"name":"alphabet-yellow-p","url":"https://emoji.slack-edge.com/TDMMY3DB9/alphabet-yellow-p/d21f798a01513fa8.png","team_id":"TDMMY3DB9","user_id":"U02HXM5B5QC","created":1634591331,"user_display_name":"Chuck Tran","avatar_hash":"b5cf914be507"},"alphabet-yellow-q":{"name":"alphabet-yellow-q","url":"https://emoji.slack-edge.com/TDMMY3DB9/alphabet-yellow-q/d21f798a01513fa8.png","team_id":"TDMMY3DB9","user_id":"U02HXM5B5QC","created":1634591331,"user_display_name":"Chuck Tran","avatar_hash":"b5cf914be507"},"alphabet-yellow-question":{"name":"alphabet-yellow-question","url":"https://emoji.slack-edge.com/TDMMY3DB9/alphabet-yellow-question/d21f798a01513fa8.png","team_id":"TDMMY3DB9","user_id":"U02HXM5B5QC","created":1634591331,"user_display_name":"Chuck Tran","avatar_hash":"b5cf914be507"},"alphabet-yellow-r":{"name":"alphabet-yellow-r","url":"https://emoji.slack-edge.com/TDMMY3DB9/alphabet-yellow-r/d21f798a01513fa8.png","team_id":"TDMMY3DB9","user_id":"U02HXM5B5QC","created":1634591331,"user_display_name":"Chuck Tran","avatar_hash":"b5cf914be507"},"alphabet-yellow-s":{"name":"alphabet-yellow-s","url":"https://emoji.slack-edge.com/TDMMY3DB9/alphabet-yellow-s/d21f798a01513fa8.png","team_id":"TDMMY3DB9","user_id":"U02HXM5B5QC","created":1634591331,"user_display_name":"Chuck Tran","avatar_hash":"b5cf914be507"},"alphabet-yellow-t":{"name":"alphabet-yellow-t","url":"https://emoji.slack-edge.com/TDMMY3DB9/alphabet-yellow-t/d21f798a01513fa8.png","team_id":"TDMMY3DB9","user_id":"U02HXM5B5QC","created":1634591331,"user_display_name":"Chuck Tran","avatar_hash":"b5cf914be507"},"alphabet-yellow-u":{"name":"alphabet-yellow-u","url":"https://emoji.slack-edge.com/TDMMY3DB9/alphabet-yellow-u/d21f798a01513fa8.png","team_id":"TDMMY3DB9","user_id":"U02HXM5B5QC","created":1634591331,"user_display_name":"Chuck Tran","avatar_hash":"b5cf914be507"},"alphabet-yellow-v":{"name":"alphabet-yellow-v","url":"https://emoji.slack-edge.com/TDMMY3DB9/alphabet-yellow-v/d21f798a01513fa8.png","team_id":"TDMMY3DB9","user_id":"U02HXM5B5QC","created":1634591331,"user_display_name":"Chuck Tran","avatar_hash":"b5cf914be507"},"alphabet-yellow-w":{"name":"alphabet-yellow-w","url":"https://emoji.slack-edge.com/TDMMY3DB9/alphabet-yellow-w/d21f798a01513fa8.png","team_id":"TDMMY3DB9","user_id":"U02HXM5B5QC","created":1634591331,"user_display_name":"Chuck Tran","avatar_hash":"b5cf914be507"},"alphabet-yellow-x":{"name":"alphabet-yellow-x","url":"https://emoji.slack-edge.com/TDMMY3DB9/alphabet-yellow-x/d21f798a01513fa8.png","team_id":"TDMMY3DB9","user_id":"U02HXM5B5QC","created":1634591331,"user_display_name":"Chuck Tran","avatar_hash":"b5cf914be507"},"alphabet-yellow-y":{"name":"alphabet-yellow-y","url":"https://emoji.slack-edge.com/TDMMY3DB9/alphabet-yellow-y/d21f798a01513fa8.png","team_id":"TDMMY3DB9","user_id":"U02HXM5B5QC","created":1634591331,"user_display_name":"Chuck Tran","avatar_hash":"b5cf914be507"},"alphabet-yellow-z":{"name":"alphabet-yellow-z","url":"https://emoji.slack-edge.com/TDMMY3DB9/alphabet-yellow-z/d21f798a01513fa8.png","team_id":"TDMMY3DB9","user_id":"U02HXM5B5QC","created":1634591331,"user_display_name":"Chuck Tran","avatar_hash":"b5cf914be507"},"approved_stamp":{"name":"approved_stamp","url":"https://emoji.slack-edge.com/TDMMY3DB9/approved_stamp/83c9436a7482811c.png","team_id":"TDMMY3DB9","user_id":"U0325HK3NKH","created":1659635720,"user_display_name":"Maximiliano Sibert","avatar_hash":"7f62baa54f5e"},"arch":{"name":"arch","url":"https://emoji.slack-edge.com/TDMMY3DB9/arch/4a1f751d1869f0d9.png","team_id":"TDMMY3DB9","user_id":"UNYV0TBAL","created":1636744647,"user_display_name":"Ignacio Taranto","avatar_hash":"34b352431efc"},"avenger-assembly":{"name":"avenger-assembly","url":"https://emoji.slack-edge.com/TDMMY3DB9/avenger-assembly/0740aa7ff7fb7d91.gif","team_id":"TDMMY3DB9","user_id":"U049V7TAP3R","created":1721336218,"user_display_name":"Julian Merida","avatar_hash":"d018c872fd32"},"away":{"name":"away","url":"https://emoji.slack-edge.com/TDMMY3DB9/away/c908b71fe498d91d.png","team_id":"TDMMY3DB9","user_id":"U04Q196254J","created":1740103788,"user_display_name":"Ibrahim Nafea","avatar_hash":"7e4e3bd9c903"},"awkward_monkey_look":{"name":"awkward_monkey_look","url":"https://emoji.slack-edge.com/TDMMY3DB9/awkward_monkey_look/2fbec43a28a41b79.gif","team_id":"TDMMY3DB9","user_id":"U0325HK3NKH","created":1659729150,"user_display_name":"Maximiliano Sibert","avatar_hash":"7f62baa54f5e"},"baba":{"name":"baba","url":"https://emoji.slack-edge.com/TDMMY3DB9/baba/59971d01368844f5.png","team_id":"TDMMY3DB9","user_id":"UE0JJPMSA","created":1574270559,"user_display_name":"Jesse Michael","avatar_hash":"5d6f898f8935"},"baby-yoda":{"name":"baby-yoda","url":"https://emoji.slack-edge.com/TDMMY3DB9/baby-yoda/cab815f146e84bfd.gif","team_id":"TDMMY3DB9","user_id":"U0325HK3NKH","created":1656508932,"user_display_name":"Maximiliano Sibert","avatar_hash":"7f62baa54f5e"},"balance":{"name":"balance","url":"https://emoji.slack-edge.com/TDMMY3DB9/balance/c908b71fe498d91d.png","team_id":"TDMMY3DB9","user_id":"U04Q196254J","created":1740103788,"user_display_name":"Ibrahim Nafea","avatar_hash":"7e4e3bd9c903"},"bananadance":{"name":"bananadance","url":"https://emoji.slack-edge.com/TDMMY3DB9/bananadance/3d4533fea4c25e10.gif","team_id":"TDMMY3DB9","user_id":"UE02SCC31","created":1552438540,"user_display_name":"Alex Ivkin","avatar_hash":"b878bfa0ee68"},"belgrano":{"name":"belgrano","url":"https://emoji.slack-edge.com/TDMMY3DB9/belgrano/4bbac85401112b4c.png","team_id":"TDMMY3DB9","user_id":"U039SMRCP7D","created":1665757531,"user_display_name":"Gabriel Cerceau","avatar_hash":"g82794438695"},"blob-clap":{"name":"blob-clap","url":"https://emoji.slack-edge.com/TDMMY3DB9/blob-clap/ff85fba2a5e0430b.gif","team_id":"TDMMY3DB9","user_id":"U0325HK3NKH","created":1659019506,"user_display_name":"Maximiliano Sibert","avatar_hash":"7f62baa54f5e"},"bomberosaurio":{"name":"bomberosaurio","url":"https://emoji.slack-edge.com/TDMMY3DB9/bomberosaurio/afb7597f1e75d9f9.jpg","team_id":"TDMMY3DB9","user_id":"UGH8SUK7U","created":1677684818,"user_display_name":"Bárbara Córdoba Quinteros","avatar_hash":"04b7e946ebed"},"brb":{"name":"brb","url":"https://emoji.slack-edge.com/TDMMY3DB9/brb/c908b71fe498d91d.png","team_id":"TDMMY3DB9","user_id":"U04Q196254J","created":1740103788,"user_display_name":"Ibrahim Nafea","avatar_hash":"7e4e3bd9c903"},"burglar":{"name":"burglar","url":"https://emoji.slack-edge.com/TDMMY3DB9/burglar/f3cbd48ac95c7077.jpg","team_id":"TDMMY3DB9","user_id":"UDYS5AREY","created":1632773673,"user_display_name":"Daniel Gutson","avatar_hash":"0aa12c266c07"},"campanita":{"name":"campanita","url":"https://emoji.slack-edge.com/TDMMY3DB9/campanita/d4dbecced760b564.png","team_id":"TDMMY3DB9","user_id":"UDYS5AREY","created":1669824108,"user_display_name":"Daniel Gutson","avatar_hash":"0aa12c266c07"},"captain-hindsight":{"name":"captain-hindsight","url":"https://emoji.slack-edge.com/TDMMY3DB9/captain-hindsight/9f0e121a5a1bcb98.png","team_id":"TDMMY3DB9","user_id":"UDY2THKJ4","created":1588619267,"user_display_name":"Gabriel Ibarra","avatar_hash":"bd07913ac72a"},"cat-on-keyboard":{"name":"cat-on-keyboard","url":"https://emoji.slack-edge.com/TDMMY3DB9/cat-on-keyboard/c908b71fe498d91d.png","team_id":"TDMMY3DB9","user_id":"U04Q196254J","created":1740103788,"user_display_name":"Ibrahim Nafea","avatar_hash":"7e4e3bd9c903"},"catjam":{"name":"catjam","url":"https://emoji.slack-edge.com/TDMMY3DB9/catjam/f4afc20db187f44d.gif","team_id":"TDMMY3DB9","user_id":"U0325HK3NKH","created":1660049179,"user_display_name":"Maximiliano Sibert","avatar_hash":"7f62baa54f5e"},"celebrate-celeryman":{"name":"celebrate-celeryman","url":"https://emoji.slack-edge.com/TDMMY3DB9/celebrate-celeryman/c9ad132cddcae8d3.gif","team_id":"TDMMY3DB9","user_id":"U0634FKRY1K","created":1700570437,"user_display_name":"Corey Bodzin","avatar_hash":"4e969f31327b"},"challenge_accepted":{"name":"challenge_accepted","url":"https://emoji.slack-edge.com/TDMMY3DB9/challenge_accepted/822a50550443ab5e.jpg","team_id":"TDMMY3DB9","user_id":"U0325HK3NKH","created":1660593877,"user_display_name":"Maximiliano Sibert","avatar_hash":"7f62baa54f5e"},"chat_gpt":{"name":"chat_gpt","url":"https://emoji.slack-edge.com/TDMMY3DB9/chat_gpt/7729cddb659d057f.png","team_id":"TDMMY3DB9","user_id":"U049V7TAP3R","created":1699558069,"user_display_name":"Julian Merida","avatar_hash":"d018c872fd32"},"chef-brb":{"name":"chef-brb","url":"https://emoji.slack-edge.com/TDMMY3DB9/chef-brb/c908b71fe498d91d.png","team_id":"TDMMY3DB9","user_id":"U04Q196254J","created":1740103788,"user_display_name":"Ibrahim Nafea","avatar_hash":"7e4e3bd9c903"},"chris":{"name":"chris","url":"https://emoji.slack-edge.com/TDMMY3DB9/chris/142b8887257ef7bd.jpg","team_id":"TDMMY3DB9","user_id":"UE0JJPMSA","created":1622663960,"user_display_name":"Jesse Michael","avatar_hash":"5d6f898f8935"},"comunism":{"name":"comunism","url":"https://emoji.slack-edge.com/TDMMY3DB9/comunism/316b41fcf1a9f990.png","team_id":"TDMMY3DB9","user_id":"UDYS5AREY","created":1631545233,"user_display_name":"Daniel Gutson","avatar_hash":"0aa12c266c07"},"crowbar":{"name":"crowbar","url":"https://emoji.slack-edge.com/TDMMY3DB9/crowbar/ea6d84786ea38260.jpg","team_id":"TDMMY3DB9","user_id":"UDYL6J5K5","created":1588887405,"user_display_name":"Vlad Babkin","avatar_hash":"6a035c1059fa"},"daniel-stare":{"name":"daniel-stare","url":"https://emoji.slack-edge.com/TDMMY3DB9/daniel-stare/f19887fbc0d32e6f.jpg","team_id":"TDMMY3DB9","user_id":"U0634FKRY1K","created":1701882181,"user_display_name":"Corey Bodzin","avatar_hash":"4e969f31327b"},"dcua":{"name":"dcua","url":"https://emoji.slack-edge.com/TDMMY3DB9/dcua/c3cd937200d8c23c.jpg","team_id":"TDMMY3DB9","user_id":"UDYL6J5K5","created":1552511783,"user_display_name":"Vlad Babkin","avatar_hash":"6a035c1059fa"},"denied_stamp":{"name":"denied_stamp","url":"https://emoji.slack-edge.com/TDMMY3DB9/denied_stamp/30e75b468ee17b85.png","team_id":"TDMMY3DB9","user_id":"U0325HK3NKH","created":1663347944,"user_display_name":"Maximiliano Sibert","avatar_hash":"7f62baa54f5e"},"director":{"name":"director","url":"https://emoji.slack-edge.com/TDMMY3DB9/director/185442ae95cb0312.gif","team_id":"TDMMY3DB9","user_id":"U0325HK3NKH","created":1660247545,"user_display_name":"Maximiliano Sibert","avatar_hash":"7f62baa54f5e"},"doom":{"name":"doom","url":"https://emoji.slack-edge.com/TDMMY3DB9/doom/aa3c7d296fda204d.png","team_id":"TDMMY3DB9","user_id":"U06874Q2FS8","created":1713450988,"user_display_name":"Matthew Mullins","avatar_hash":"60a6170f3d04"},"dumpsterfire":{"name":"dumpsterfire","url":"https://emoji.slack-edge.com/TDMMY3DB9/dumpsterfire/1cf87e5e0cfaedc5.gif","team_id":"TDMMY3DB9","user_id":"UL3Q490MD","created":1609999458,"user_display_name":"Ed Hurtley","avatar_hash":"649e9a524759"},"easy_button":{"name":"easy_button","url":"https://emoji.slack-edge.com/TDMMY3DB9/easy_button/16c42621c79b3066.png","team_id":"TDMMY3DB9","user_id":"U03GK2Y0Y2H","created":1751905021,"user_display_name":"Ryan King","avatar_hash":"3d7369912c7f"},"ecl":{"name":"ecl","url":"https://emoji.slack-edge.com/TDMMY3DB9/ecl/616fc9f6fbbc82e1.png","team_id":"TDMMY3DB9","user_id":"U01FG19FBQS","created":1686094361,"user_display_name":"(UNMONITORED) Yan Malgin (Admin)","avatar_hash":"g286ab461b3f"},"ecl-e":{"name":"ecl-e","url":"https://emoji.slack-edge.com/TDMMY3DB9/ecl-e/24632a5c74e64431.png","team_id":"TDMMY3DB9","user_id":"U03CMTXSYPR","created":1681922654,"user_display_name":"Ariella Robison","avatar_hash":"3c3447575b85"},"eclipse":{"name":"eclipse","url":"https://emoji.slack-edge.com/TDMMY3DB9/eclipse/e81e0b7310f6e038.gif","team_id":"TDMMY3DB9","user_id":"U0325HK3NKH","created":1712842500,"user_display_name":"Maximiliano Sibert","avatar_hash":"7f62baa54f5e"},"eclypsium-2023":{"name":"eclypsium-2023","url":"https://emoji.slack-edge.com/TDMMY3DB9/eclypsium-2023/0b74e95421962c95.png","team_id":"TDMMY3DB9","user_id":"U03BUQ7J5TP","created":1681922627,"user_display_name":"Wes Dobry","avatar_hash":"944b4e2c43ba"},"eevee":{"name":"eevee","url":"https://emoji.slack-edge.com/TDMMY3DB9/eevee/c8a8db85045c3c85.gif","team_id":"TDMMY3DB9","user_id":"U0325HK3NKH","created":1656509663,"user_display_name":"Maximiliano Sibert","avatar_hash":"7f62baa54f5e"},"emoji-icon-glossy-03-01-animals-nature-animal-bird-stork-72dpi-forpersonaluseonly":{"name":"emoji-icon-glossy-03-01-animals-nature-animal-bird-stork-72dpi-forpersonaluseonly","url":"https://emoji.slack-edge.com/TDMMY3DB9/emoji-icon-glossy-03-01-animals-nature-animal-bird-stork-72dpi-forpersonaluseonly/c165cd4bed2c30bc.png","team_id":"TDMMY3DB9","user_id":"UDYS5AREY","created":1671028008,"user_display_name":"Daniel Gutson","avatar_hash":"0aa12c266c07"},"ese_lente":{"name":"ese_lente","url":"https://emoji.slack-edge.com/TDMMY3DB9/ese_lente/d733ca9ec96b6211.png","team_id":"TDMMY3DB9","user_id":"U039SMRCP7D","created":1730234632,"user_display_name":"Gabriel Cerceau","avatar_hash":"g82794438695"},"excellent":{"name":"excellent","url":"https://emoji.slack-edge.com/TDMMY3DB9/excellent/68156010a87d770f.gif","team_id":"TDMMY3DB9","user_id":"U0325HK3NKH","created":1656452460,"user_display_name":"Maximiliano Sibert","avatar_hash":"7f62baa54f5e"},"excellentburn":{"name":"excellentburn","url":"https://emoji.slack-edge.com/TDMMY3DB9/excellentburn/d780cb67c74aba8b.jpg","team_id":"TDMMY3DB9","user_id":"UQWQ8QCR1","created":1664999467,"user_display_name":"Rodrigo Centurion","avatar_hash":"8edcd4afc291"},"face-palm":{"name":"face-palm","url":"https://emoji.slack-edge.com/TDMMY3DB9/face-palm/f1c5d6ed8efbe9cd.png","team_id":"TDMMY3DB9","user_id":"U0325HK3NKH","created":1659534283,"user_display_name":"Maximiliano Sibert","avatar_hash":"7f62baa54f5e"},"facepalm":{"name":"facepalm","url":"https://emoji.slack-edge.com/TDMMY3DB9/facepalm/700aec73d500b733.gif","team_id":"TDMMY3DB9","user_id":"U0325HK3NKH","created":1656521297,"user_display_name":"Maximiliano Sibert","avatar_hash":"7f62baa54f5e"},"fallout_thumbs_up":{"name":"fallout_thumbs_up","url":"https://emoji.slack-edge.com/TDMMY3DB9/fallout_thumbs_up/96da862559ae6001.png","team_id":"TDMMY3DB9","user_id":"UDYL6J5K5","created":1648480741,"user_display_name":"Vlad Babkin","avatar_hash":"6a035c1059fa"},"fan":{"name":"fan","url":"https://emoji.slack-edge.com/TDMMY3DB9/fan/d62a456259c5747e.png","team_id":"TDMMY3DB9","user_id":"U06JFK1MRDH","created":1736880401,"user_display_name":"Nick Fraker","avatar_hash":"1de168fd9b42"},"fbom":{"name":"fbom","url":"https://emoji.slack-edge.com/TDMMY3DB9/fbom/ace4016bea1db5e8.png","team_id":"TDMMY3DB9","user_id":"U03BUQ7J5TP","created":1745866709,"user_display_name":"Wes Dobry","avatar_hash":"944b4e2c43ba"},"feature":{"name":"feature","url":"https://emoji.slack-edge.com/TDMMY3DB9/feature/b09602db1c1687a5.png","team_id":"TDMMY3DB9","user_id":"UDYS5AREY","created":1553719349,"user_display_name":"Daniel Gutson","avatar_hash":"0aa12c266c07"},"fernet":{"name":"fernet","url":"https://emoji.slack-edge.com/TDMMY3DB9/fernet/e488c41ab2dfc35b.jpg","team_id":"TDMMY3DB9","user_id":"UERS7LR7F","created":1551475671,"user_display_name":"Chris Garland","avatar_hash":"7cab6c78e023"},"fireball":{"name":"fireball","url":"https://emoji.slack-edge.com/TDMMY3DB9/fireball/0e01e310d5ea054f.jpg","team_id":"TDMMY3DB9","user_id":"UERS7LR7F","created":1563481611,"user_display_name":"Chris Garland","avatar_hash":"7cab6c78e023"},"fix":{"name":"fix","url":"https://emoji.slack-edge.com/TDMMY3DB9/fix/1330af549b9a5de3.png","team_id":"TDMMY3DB9","user_id":"U07437GUT9N","created":1741871093,"user_display_name":"Ignacio Vinuales","avatar_hash":"a37a51968614"},"frustrated":{"name":"frustrated","url":"https://emoji.slack-edge.com/TDMMY3DB9/frustrated/63a6eaa286360a8d.jpg","team_id":"TDMMY3DB9","user_id":"UDYS5AREY","created":1662398116,"user_display_name":"Daniel Gutson","avatar_hash":"0aa12c266c07"},"fry":{"name":"fry","url":"https://emoji.slack-edge.com/TDMMY3DB9/fry/eb9332094be17b28.png","team_id":"TDMMY3DB9","user_id":"U0325HK3NKH","created":1659033700,"user_display_name":"Maximiliano Sibert","avatar_hash":"7f62baa54f5e"},"garlando_the_clown":{"name":"garlando_the_clown","url":"https://emoji.slack-edge.com/TDMMY3DB9/garlando_the_clown/e17cf451f11c9359.gif","team_id":"TDMMY3DB9","user_id":"U0192H4TH9R","created":1609958624,"user_display_name":"Scott Scheferman","avatar_hash":"9087c3d48004"},"garlando_the_hero":{"name":"garlando_the_hero","url":"https://emoji.slack-edge.com/TDMMY3DB9/garlando_the_hero/58109939720e8e1d.png","team_id":"TDMMY3DB9","user_id":"U0192H4TH9R","created":1609957646,"user_display_name":"Scott Scheferman","avatar_hash":"9087c3d48004"},"go":{"name":"go","url":"https://emoji.slack-edge.com/TDMMY3DB9/go/016c47e3d8033004.png","team_id":"TDMMY3DB9","user_id":"UGH8SUK7U","created":1658502965,"user_display_name":"Bárbara Córdoba Quinteros","avatar_hash":"04b7e946ebed"},"godzilla":{"name":"godzilla","url":"https://emoji.slack-edge.com/TDMMY3DB9/godzilla/f10cc1209f836a83.gif","team_id":"TDMMY3DB9","user_id":"UE0JJPMSA","created":1569875052,"user_display_name":"Jesse Michael","avatar_hash":"5d6f898f8935"},"golang":{"name":"golang","url":"https://emoji.slack-edge.com/TDMMY3DB9/golang/d8aa0e74b498d746.png","team_id":"TDMMY3DB9","user_id":"UNYV0TBAL","created":1662399121,"user_display_name":"Ignacio Taranto","avatar_hash":"34b352431efc"},"gpu":{"name":"gpu","url":"https://emoji.slack-edge.com/TDMMY3DB9/gpu/e42718d880547add.png","team_id":"TDMMY3DB9","user_id":"U060XPXUW01","created":1743732430,"user_display_name":"Cristian Sansó","avatar_hash":"a2bdf2c3aea8"},"gratitude-arigatou-gozaimasu":{"name":"gratitude-arigatou-gozaimasu","url":"https://emoji.slack-edge.com/TDMMY3DB9/gratitude-arigatou-gozaimasu/91ca6ccbcc62ec4b.png","team_id":"TDMMY3DB9","user_id":"U04Q196254J","created":1716489522,"user_display_name":"Ibrahim Nafea","avatar_hash":"7e4e3bd9c903"},"gratitude-asl":{"name":"gratitude-asl","url":"https://emoji.slack-edge.com/TDMMY3DB9/gratitude-asl/91ca6ccbcc62ec4b.gif","team_id":"TDMMY3DB9","user_id":"U04Q196254J","created":1716489522,"user_display_name":"Ibrahim Nafea","avatar_hash":"7e4e3bd9c903"},"gratitude-danke":{"name":"gratitude-danke","url":"https://emoji.slack-edge.com/TDMMY3DB9/gratitude-danke/91ca6ccbcc62ec4b.png","team_id":"TDMMY3DB9","user_id":"U04Q196254J","created":1716489522,"user_display_name":"Ibrahim Nafea","avatar_hash":"7e4e3bd9c903"},"gratitude-gamsahamnida":{"name":"gratitude-gamsahamnida","url":"https://emoji.slack-edge.com/TDMMY3DB9/gratitude-gamsahamnida/91ca6ccbcc62ec4b.png","team_id":"TDMMY3DB9","user_id":"U04Q196254J","created":1716489522,"user_display_name":"Ibrahim Nafea","avatar_hash":"7e4e3bd9c903"},"gratitude-gracias":{"name":"gratitude-gracias","url":"https://emoji.slack-edge.com/TDMMY3DB9/gratitude-gracias/91ca6ccbcc62ec4b.png","team_id":"TDMMY3DB9","user_id":"U04Q196254J","created":1716489522,"user_display_name":"Ibrahim Nafea","avatar_hash":"7e4e3bd9c903"},"gratitude-grazie":{"name":"gratitude-grazie","url":"https://emoji.slack-edge.com/TDMMY3DB9/gratitude-grazie/91ca6ccbcc62ec4b.png","team_id":"TDMMY3DB9","user_id":"U04Q196254J","created":1716489522,"user_display_name":"Ibrahim Nafea","avatar_hash":"7e4e3bd9c903"},"gratitude-merci":{"name":"gratitude-merci","url":"https://emoji.slack-edge.com/TDMMY3DB9/gratitude-merci/91ca6ccbcc62ec4b.png","team_id":"TDMMY3DB9","user_id":"U04Q196254J","created":1716489522,"user_display_name":"Ibrahim Nafea","avatar_hash":"7e4e3bd9c903"},"gratitude-obrigada":{"name":"gratitude-obrigada","url":"https://emoji.slack-edge.com/TDMMY3DB9/gratitude-obrigada/91ca6ccbcc62ec4b.png","team_id":"TDMMY3DB9","user_id":"U04Q196254J","created":1716489522,"user_display_name":"Ibrahim Nafea","avatar_hash":"7e4e3bd9c903"},"gratitude-obrigado":{"name":"gratitude-obrigado","url":"https://emoji.slack-edge.com/TDMMY3DB9/gratitude-obrigado/91ca6ccbcc62ec4b.png","team_id":"TDMMY3DB9","user_id":"U04Q196254J","created":1716489522,"user_display_name":"Ibrahim Nafea","avatar_hash":"7e4e3bd9c903"},"gratitude-spasibo":{"name":"gratitude-spasibo","url":"https://emoji.slack-edge.com/TDMMY3DB9/gratitude-spasibo/91ca6ccbcc62ec4b.png","team_id":"TDMMY3DB9","user_id":"U04Q196254J","created":1716489522,"user_display_name":"Ibrahim Nafea","avatar_hash":"7e4e3bd9c903"},"gratitude-thank-you":{"name":"gratitude-thank-you","url":"https://emoji.slack-edge.com/TDMMY3DB9/gratitude-thank-you/91ca6ccbcc62ec4b.png","team_id":"TDMMY3DB9","user_id":"U04Q196254J","created":1716489522,"user_display_name":"Ibrahim Nafea","avatar_hash":"7e4e3bd9c903"},"gratitude-xiexie":{"name":"gratitude-xiexie","url":"https://emoji.slack-edge.com/TDMMY3DB9/gratitude-xiexie/91ca6ccbcc62ec4b.png","team_id":"TDMMY3DB9","user_id":"U04Q196254J","created":1716489522,"user_display_name":"Ibrahim Nafea","avatar_hash":"7e4e3bd9c903"},"gratitude-xiexieni":{"name":"gratitude-xiexieni","url":"https://emoji.slack-edge.com/TDMMY3DB9/gratitude-xiexieni/91ca6ccbcc62ec4b.png","team_id":"TDMMY3DB9","user_id":"U04Q196254J","created":1716489522,"user_display_name":"Ibrahim Nafea","avatar_hash":"7e4e3bd9c903"},"green":{"name":"green","url":"https://emoji.slack-edge.com/TDMMY3DB9/green/c1171bd15d49f83f.jpg","team_id":"TDMMY3DB9","user_id":"UDYS5AREY","created":1584539010,"user_display_name":"Daniel Gutson","avatar_hash":"0aa12c266c07"},"green2":{"name":"green2","url":"https://emoji.slack-edge.com/TDMMY3DB9/green2/6225003514634676.png","team_id":"TDMMY3DB9","user_id":"UDYS5AREY","created":1584539176,"user_display_name":"Daniel Gutson","avatar_hash":"0aa12c266c07"},"grilling":{"name":"grilling","url":"https://emoji.slack-edge.com/TDMMY3DB9/grilling/ee9983b9c1cba24c.png","team_id":"TDMMY3DB9","user_id":"U03GK2Y0Y2H","created":1756473418,"user_display_name":"Ryan King","avatar_hash":"3d7369912c7f"},"grinch":{"name":"grinch","url":"https://emoji.slack-edge.com/TDMMY3DB9/grinch/3f085fa350335591.png","team_id":"TDMMY3DB9","user_id":"U0325HK3NKH","created":1697133145,"user_display_name":"Maximiliano Sibert","avatar_hash":"7f62baa54f5e"},"hackerman":{"name":"hackerman","url":"https://emoji.slack-edge.com/TDMMY3DB9/hackerman/d1fd19fb60d449d7.jpg","team_id":"TDMMY3DB9","user_id":"UE0JJPMSA","created":1600204254,"user_display_name":"Jesse Michael","avatar_hash":"5d6f898f8935"},"hamaca":{"name":"hamaca","url":"https://emoji.slack-edge.com/TDMMY3DB9/hamaca/7aaca5e59ab799ae.jpg","team_id":"TDMMY3DB9","user_id":"UDYS5AREY","created":1728311712,"user_display_name":"Daniel Gutson","avatar_hash":"0aa12c266c07"},"heads-down":{"name":"heads-down","url":"https://emoji.slack-edge.com/TDMMY3DB9/heads-down/c908b71fe498d91d.png","team_id":"TDMMY3DB9","user_id":"U04Q196254J","created":1740103788,"user_display_name":"Ibrahim Nafea","avatar_hash":"7e4e3bd9c903"},"hello-there":{"name":"hello-there","url":"https://emoji.slack-edge.com/TDMMY3DB9/hello-there/1c1c95d6781201ce.gif","team_id":"TDMMY3DB9","user_id":"U0325HK3NKH","created":1690213631,"user_display_name":"Maximiliano Sibert","avatar_hash":"7f62baa54f5e"},"help":{"name":"help","url":"https://emoji.slack-edge.com/TDMMY3DB9/help/afaca662318d6e84.png","team_id":"TDMMY3DB9","user_id":"U0325HK3NKH","created":1697029269,"user_display_name":"Maximiliano Sibert","avatar_hash":"7f62baa54f5e"},"here":{"name":"here","url":"https://emoji.slack-edge.com/TDMMY3DB9/here/c908b71fe498d91d.png","team_id":"TDMMY3DB9","user_id":"U04Q196254J","created":1740103788,"user_display_name":"Ibrahim Nafea","avatar_hash":"7e4e3bd9c903"},"hmm":{"name":"hmm","url":"https://emoji.slack-edge.com/TDMMY3DB9/hmm/6a20e137678c2179.gif","team_id":"TDMMY3DB9","user_id":"U02MW5G25EW","created":1752242306,"user_display_name":"Alvaro Alaniz","avatar_hash":"b5c367677110"},"homer":{"name":"homer","url":"https://emoji.slack-edge.com/TDMMY3DB9/homer/036f9d4832c987ed.png","team_id":"TDMMY3DB9","user_id":"U0192H4TH9R","created":1646259314,"user_display_name":"Scott Scheferman","avatar_hash":"9087c3d48004"},"husk":{"name":"husk","url":"https://emoji.slack-edge.com/TDMMY3DB9/husk/49743904dc6f4217.png","team_id":"TDMMY3DB9","user_id":"U03CMTXSYPR","created":1704765028,"user_display_name":"Ariella Robison","avatar_hash":"3c3447575b85"},"husky2":{"name":"husky2","url":"https://emoji.slack-edge.com/TDMMY3DB9/husky2/ab692834f6948556.png","team_id":"TDMMY3DB9","user_id":"U03CMTXSYPR","created":1704765077,"user_display_name":"Ariella Robison","avatar_hash":"3c3447575b85"},"intel":{"name":"intel","url":"https://emoji.slack-edge.com/TDMMY3DB9/intel/ac3bfd745c11a7d5.png","team_id":"TDMMY3DB9","user_id":"U0325HK3NKH","created":1699973837,"user_display_name":"Maximiliano Sibert","avatar_hash":"7f62baa54f5e"},"internet-problems":{"name":"internet-problems","url":"https://emoji.slack-edge.com/TDMMY3DB9/internet-problems/c908b71fe498d91d.png","team_id":"TDMMY3DB9","user_id":"U04Q196254J","created":1740103788,"user_display_name":"Ibrahim Nafea","avatar_hash":"7e4e3bd9c903"},"it-is-what-it-is":{"name":"it-is-what-it-is","url":"https://emoji.slack-edge.com/TDMMY3DB9/it-is-what-it-is/35a2298bbbc44b01.png","team_id":"TDMMY3DB9","user_id":"UDZDDA43F","created":1722380647,"user_display_name":"Mickey","avatar_hash":"3dce6e0f7bf1"},"its_a_trap":{"name":"its_a_trap","url":"https://emoji.slack-edge.com/TDMMY3DB9/its_a_trap/4189a097f5431628.png","team_id":"TDMMY3DB9","user_id":"U0325HK3NKH","created":1715878261,"user_display_name":"Maximiliano Sibert","avatar_hash":"7f62baa54f5e"},"jack":{"name":"jack","url":"https://emoji.slack-edge.com/TDMMY3DB9/jack/3afe879d6e3d804f.jpg","team_id":"TDMMY3DB9","user_id":"UE0JJPMSA","created":1625455149,"user_display_name":"Jesse Michael","avatar_hash":"5d6f898f8935"},"jail":{"name":"jail","url":"https://emoji.slack-edge.com/TDMMY3DB9/jail/26712f2ad66d1776.jpg","team_id":"TDMMY3DB9","user_id":"UE0JJPMSA","created":1584042226,"user_display_name":"Jesse Michael","avatar_hash":"5d6f898f8935"},"java":{"name":"java","url":"https://emoji.slack-edge.com/TDMMY3DB9/java/25b13bbf0a299549.png","team_id":"TDMMY3DB9","user_id":"U0325HK3NKH","created":1646861772,"user_display_name":"Maximiliano Sibert","avatar_hash":"7f62baa54f5e"},"jaws":{"name":"jaws","url":"https://emoji.slack-edge.com/TDMMY3DB9/jaws/59c8bca526896841.jpg","team_id":"TDMMY3DB9","user_id":"UERS7LR7F","created":1549490147,"user_display_name":"Chris Garland","avatar_hash":"7cab6c78e023"},"jesse":{"name":"jesse","url":"https://emoji.slack-edge.com/TDMMY3DB9/jesse/5a3e8d2aa18f5bcd.png","team_id":"TDMMY3DB9","user_id":"UDZDDA43F","created":1558537460,"user_display_name":"Mickey","avatar_hash":"3dce6e0f7bf1"},"john":{"name":"john","url":"https://emoji.slack-edge.com/TDMMY3DB9/john/e5a812aa9536b9d4.png","team_id":"TDMMY3DB9","user_id":"U03BUQ7J5TP","created":1681922408,"user_display_name":"Wes Dobry","avatar_hash":"944b4e2c43ba"},"john-approves":{"name":"john-approves","url":"https://emoji.slack-edge.com/TDMMY3DB9/john-approves/ecab3c2f66fb6692.png","team_id":"TDMMY3DB9","user_id":"U01JM469T1A","created":1746816419,"user_display_name":"Erin Hancock","avatar_hash":"8531d36227bf"},"johnapproves":{"name":"johnapproves","url":"https://emoji.slack-edge.com/TDMMY3DB9/johnapproves/34158ec844324722.png","team_id":"TDMMY3DB9","user_id":"U0634FKRY1K","created":1711133562,"user_display_name":"Corey Bodzin","avatar_hash":"4e969f31327b"},"jorge-suspenso":{"name":"jorge-suspenso","url":"https://emoji.slack-edge.com/TDMMY3DB9/jorge-suspenso/e6a05c9144da6c59.gif","team_id":"TDMMY3DB9","user_id":"U07V4DQTK9N","created":1756990896,"user_display_name":"Cristian Cardellino","avatar_hash":"b4e12198199f"},"keanu-thanks":{"name":"keanu-thanks","url":"https://emoji.slack-edge.com/TDMMY3DB9/keanu-thanks/fcbd4e1b4ccd7cb7.gif","team_id":"TDMMY3DB9","user_id":"U0325HK3NKH","created":1645463854,"user_display_name":"Maximiliano Sibert","avatar_hash":"7f62baa54f5e"},"kids":{"name":"kids","url":"https://emoji.slack-edge.com/TDMMY3DB9/kids/c908b71fe498d91d.png","team_id":"TDMMY3DB9","user_id":"U04Q196254J","created":1740103788,"user_display_name":"Ibrahim Nafea","avatar_hash":"7e4e3bd9c903"},"like":{"name":"like","url":"https://emoji.slack-edge.com/TDMMY3DB9/like/f6095ef1eea5bdfb.png","team_id":"TDMMY3DB9","user_id":"U060XPXUW01","created":1698090447,"user_display_name":"Cristian Sansó","avatar_hash":"a2bdf2c3aea8"},"loading":{"name":"loading","url":"https://emoji.slack-edge.com/TDMMY3DB9/loading/08a4d73a145bfc2e.gif","team_id":"TDMMY3DB9","user_id":"UDYP1869H","created":1749240187,"user_display_name":"Marcos Diaz","avatar_hash":"a9d75af00cd1"},"lol":{"name":"lol","url":"https://emoji.slack-edge.com/TDMMY3DB9/lol/56ff0d18f5426607.gif","team_id":"TDMMY3DB9","user_id":"UE02SCC31","created":1553884894,"user_display_name":"Alex Ivkin","avatar_hash":"b878bfa0ee68"},"louhades":{"name":"louhades","url":"https://emoji.slack-edge.com/TDMMY3DB9/louhades/de53883edc9fd872.png","team_id":"TDMMY3DB9","user_id":"UERS7LR7F","created":1551476420,"user_display_name":"Chris Garland","avatar_hash":"7cab6c78e023"},"loz":{"name":"loz","url":"https://emoji.slack-edge.com/TDMMY3DB9/loz/0b2d3018c9e392c6.jpg","team_id":"TDMMY3DB9","user_id":"UE0JJPMSA","created":1586894667,"user_display_name":"Jesse Michael","avatar_hash":"5d6f898f8935"},"meltface":{"name":"meltface","url":"https://emoji.slack-edge.com/TDMMY3DB9/meltface/dae14d97bc8a68e1.gif","team_id":"TDMMY3DB9","user_id":"UDY3G9SGG","created":1552508391,"user_display_name":"Martin Galvan","avatar_hash":"a6d43e35aea3"},"merged":{"name":"merged","url":"https://emoji.slack-edge.com/TDMMY3DB9/merged/42461ef640c59ab0.png","team_id":"TDMMY3DB9","user_id":"U0325HK3NKH","created":1660078601,"user_display_name":"Maximiliano Sibert","avatar_hash":"7f62baa54f5e"},"merged_parrot":{"name":"merged_parrot","url":"https://emoji.slack-edge.com/TDMMY3DB9/merged_parrot/cbc922ee3e2abfa1.gif","team_id":"TDMMY3DB9","user_id":"U0325HK3NKH","created":1660078593,"user_display_name":"Maximiliano Sibert","avatar_hash":"7f62baa54f5e"},"mickey17":{"name":"mickey17","url":"https://emoji.slack-edge.com/TDMMY3DB9/mickey17/4858d369b3c6832a.png","team_id":"TDMMY3DB9","user_id":"UDZDDA43F","created":1750698105,"user_display_name":"Mickey","avatar_hash":"3dce6e0f7bf1"},"mild-panic":{"name":"mild-panic","url":"https://emoji.slack-edge.com/TDMMY3DB9/mild-panic/a9f30b10ecc7e12e.gif","team_id":"TDMMY3DB9","user_id":"U0325HK3NKH","created":1712947023,"user_display_name":"Maximiliano Sibert","avatar_hash":"7f62baa54f5e"},"mild-panic-intensifies":{"name":"mild-panic-intensifies","url":"https://emoji.slack-edge.com/TDMMY3DB9/mild-panic-intensifies/437702e22375bbec.gif","team_id":"TDMMY3DB9","user_id":"U0325HK3NKH","created":1712946974,"user_display_name":"Maximiliano Sibert","avatar_hash":"7f62baa54f5e"},"mindblown":{"name":"mindblown","url":"https://emoji.slack-edge.com/TDMMY3DB9/mindblown/9d3ce0df8020953a.gif","team_id":"TDMMY3DB9","user_id":"UDY3G9SGG","created":1552508674,"user_display_name":"Martin Galvan","avatar_hash":"a6d43e35aea3"},"mirtha":{"name":"mirtha","url":"https://emoji.slack-edge.com/TDMMY3DB9/mirtha/3c9daaae2ba14af9.png","team_id":"TDMMY3DB9","user_id":"U06TXCZP0AD","created":1720809736,"user_display_name":"Emiliano Calderon","avatar_hash":"d99182e99c54"},"mona":{"name":"mona","url":"https://emoji.slack-edge.com/TDMMY3DB9/mona/a1d121f2e17e4b64.jpg","team_id":"TDMMY3DB9","user_id":"UDYS5AREY","created":1728307846,"user_display_name":"Daniel Gutson","avatar_hash":"0aa12c266c07"},"motherofgod":{"name":"motherofgod","url":"https://emoji.slack-edge.com/TDMMY3DB9/motherofgod/287d9a5cabd31872.gif","team_id":"TDMMY3DB9","user_id":"UDY3G9SGG","created":1552508319,"user_display_name":"Martin Galvan","avatar_hash":"a6d43e35aea3"},"mountaindew":{"name":"mountaindew","url":"https://emoji.slack-edge.com/TDMMY3DB9/mountaindew/c24b97b5bb249b93.png","team_id":"TDMMY3DB9","user_id":"UDZDDA43F","created":1646333120,"user_display_name":"Mickey","avatar_hash":"3dce6e0f7bf1"},"moustache":{"name":"moustache","url":"https://emoji.slack-edge.com/TDMMY3DB9/moustache/4bab599cd310ab8f.png","team_id":"TDMMY3DB9","user_id":"UKPLXGG5C","created":1582236620,"user_display_name":"Mac Schlief [TERM]","avatar_hash":"f2f80493476b"},"namaste":{"name":"namaste","url":"https://emoji.slack-edge.com/TDMMY3DB9/namaste/974e28ef0dc5bc2b.jpg","team_id":"TDMMY3DB9","user_id":"UDYS5AREY","created":1691423772,"user_display_name":"Daniel Gutson","avatar_hash":"0aa12c266c07"},"negative":{"name":"negative","url":"https://emoji.slack-edge.com/TDMMY3DB9/negative/846b7f92d3cc5cb6.png","team_id":"TDMMY3DB9","user_id":"UNYV0TBAL","created":1636744274,"user_display_name":"Ignacio Taranto","avatar_hash":"34b352431efc"},"nerf":{"name":"nerf","url":"https://emoji.slack-edge.com/TDMMY3DB9/nerf/69a13e86067c8214.jpg","team_id":"TDMMY3DB9","user_id":"UE0JJPMSA","created":1570653146,"user_display_name":"Jesse Michael","avatar_hash":"5d6f898f8935"},"no":{"name":"no","url":"https://emoji.slack-edge.com/TDMMY3DB9/no/458025161381074e.png","team_id":"TDMMY3DB9","user_id":"UDZDDA43F","created":1563481722,"user_display_name":"Mickey","avatar_hash":"3dce6e0f7bf1"},"no_icon":{"name":"no_icon","url":"https://emoji.slack-edge.com/TDMMY3DB9/no_icon/2ddb54c099340b85.png","team_id":"TDMMY3DB9","user_id":"U03FTHMG2CX","created":1663261877,"user_display_name":"Nicolas Ambrogio","avatar_hash":"0ea1230c9540"},"no_meme":{"name":"no_meme","url":"https://emoji.slack-edge.com/TDMMY3DB9/no_meme/f1f71ea313f7e95e.jpg","team_id":"TDMMY3DB9","user_id":"UDZDDA43F","created":1563481893,"user_display_name":"Mickey","avatar_hash":"3dce6e0f7bf1"},"noloentiendos":{"name":"noloentiendos","url":"https://emoji.slack-edge.com/TDMMY3DB9/noloentiendos/75ff51cdb593e293.jpg","team_id":"TDMMY3DB9","user_id":"U02MW5G25EW","created":1647378528,"user_display_name":"Alvaro Alaniz","avatar_hash":"b5c367677110"},"nomequeme":{"name":"nomequeme","url":"https://emoji.slack-edge.com/TDMMY3DB9/nomequeme/9ae4bb02fdd51ca2.jpg","team_id":"TDMMY3DB9","user_id":"U05LDR7JJ9G","created":1745428485,"user_display_name":"Tomas Torre","avatar_hash":"5558b05ade7d"},"nope":{"name":"nope","url":"https://emoji.slack-edge.com/TDMMY3DB9/nope/6b78c223e5e6f065.jpg","team_id":"TDMMY3DB9","user_id":"U060XPXUW01","created":1698421156,"user_display_name":"Cristian Sansó","avatar_hash":"a2bdf2c3aea8"},"noproblem":{"name":"noproblem","url":"https://emoji.slack-edge.com/TDMMY3DB9/noproblem/fd1e8978a87bebb2.gif","team_id":"TDMMY3DB9","user_id":"UDYP1869H","created":1753474300,"user_display_name":"Marcos Diaz","avatar_hash":"a9d75af00cd1"},"notagainshesaid":{"name":"notagainshesaid","url":"https://emoji.slack-edge.com/TDMMY3DB9/notagainshesaid/269159f64afca296.jpg","team_id":"TDMMY3DB9","user_id":"UDYS5AREY","created":1662398415,"user_display_name":"Daniel Gutson","avatar_hash":"0aa12c266c07"},"notion":{"name":"notion","url":"https://emoji.slack-edge.com/TDMMY3DB9/notion/afbd7af8520b8077.png","team_id":"TDMMY3DB9","user_id":"UNDQA6KJR","created":1634258907,"user_display_name":"Steve Mancini","avatar_hash":"7c3ec1301723"},"np":{"name":"np","url":"https://emoji.slack-edge.com/TDMMY3DB9/np/c6e3188427f927a8.gif","team_id":"TDMMY3DB9","user_id":"UGH8SUK7U","created":1727797822,"user_display_name":"Bárbara Córdoba Quinteros","avatar_hash":"04b7e946ebed"},"nuclear":{"name":"nuclear","url":"https://emoji.slack-edge.com/TDMMY3DB9/nuclear/2319b1d50519b2a8.png","team_id":"TDMMY3DB9","user_id":"UL3Q490MD","created":1614282789,"user_display_name":"Ed Hurtley","avatar_hash":"649e9a524759"},"nvim":{"name":"nvim","url":"https://emoji.slack-edge.com/TDMMY3DB9/nvim/fe11ca79fefd09db.png","team_id":"TDMMY3DB9","user_id":"UNYV0TBAL","created":1662399876,"user_display_name":"Ignacio Taranto","avatar_hash":"34b352431efc"},"old-man-yells-at-python":{"name":"old-man-yells-at-python","url":"https://emoji.slack-edge.com/TDMMY3DB9/old-man-yells-at-python/ec9acc7f7d7055d7.png","team_id":"TDMMY3DB9","user_id":"U0629CVLMC0","created":1749834391,"user_display_name":"Ezequiel Fuentes","avatar_hash":"9efa77718291"},"one-sec-cooking":{"name":"one-sec-cooking","url":"https://emoji.slack-edge.com/TDMMY3DB9/one-sec-cooking/c908b71fe498d91d.png","team_id":"TDMMY3DB9","user_id":"U04Q196254J","created":1740103788,"user_display_name":"Ibrahim Nafea","avatar_hash":"7e4e3bd9c903"},"one_for_all":{"name":"one_for_all","url":"https://emoji.slack-edge.com/TDMMY3DB9/one_for_all/5fc1d064192a07b0.gif","team_id":"TDMMY3DB9","user_id":"U049V7TAP3R","created":1699557958,"user_display_name":"Julian Merida","avatar_hash":"d018c872fd32"},"oregon-flag":{"name":"oregon-flag","url":"https://emoji.slack-edge.com/TDMMY3DB9/oregon-flag/8b9159b1d2a76f30.png","team_id":"TDMMY3DB9","user_id":"U08AX5B594N","created":1747854900,"user_display_name":"Rob Banagale","avatar_hash":"b11fe7fe71f7","can_delete":true},"party-blob":{"name":"party-blob","url":"https://emoji.slack-edge.com/TDMMY3DB9/party-blob/2a392d96631ffa18.gif","team_id":"TDMMY3DB9","user_id":"UGH8SUK7U","created":1664811295,"user_display_name":"Bárbara Córdoba Quinteros","avatar_hash":"04b7e946ebed"},"party_parrot":{"name":"party_parrot","url":"https://emoji.slack-edge.com/TDMMY3DB9/party_parrot/badfc0e8101254fb.gif","team_id":"TDMMY3DB9","user_id":"UGH8SUK7U","created":1552510655,"user_display_name":"Bárbara Córdoba Quinteros","avatar_hash":"04b7e946ebed"},"party_wizard":{"name":"party_wizard","url":"https://emoji.slack-edge.com/TDMMY3DB9/party_wizard/d574b614c105de76.gif","team_id":"TDMMY3DB9","user_id":"U059M1V09U0","created":1698420950,"user_display_name":"Tyson Supasatit","avatar_hash":"62b4a4a6df21"},"patricia-bw-profile":{"name":"patricia-bw-profile","url":"https://emoji.slack-edge.com/TDMMY3DB9/patricia-bw-profile/da6770ed3779aab2.jpg","team_id":"TDMMY3DB9","user_id":"U01LW3HA92A","created":1657539761,"user_display_name":"Patricia Mcmanus","avatar_hash":"5baba57956fe"},"pepelove":{"name":"pepelove","url":"https://emoji.slack-edge.com/TDMMY3DB9/pepelove/198fcaaaa8980a1c.png","team_id":"TDMMY3DB9","user_id":"U0325HK3NKH","created":1657733596,"user_display_name":"Maximiliano Sibert","avatar_hash":"7f62baa54f5e"},"pfizer_posse":{"name":"pfizer_posse","url":"https://emoji.slack-edge.com/TDMMY3DB9/pfizer_posse/a095e446664e0b73.png","team_id":"TDMMY3DB9","user_id":"UDZDDA43F","created":1620171269,"user_display_name":"Mickey","avatar_hash":"3dce6e0f7bf1"},"pikachu":{"name":"pikachu","url":"https://emoji.slack-edge.com/TDMMY3DB9/pikachu/14aeab8302b29d11.png","team_id":"TDMMY3DB9","user_id":"U0192H4TH9R","created":1646868913,"user_display_name":"Scott Scheferman","avatar_hash":"9087c3d48004"},"please":{"name":"please","url":"https://emoji.slack-edge.com/TDMMY3DB9/please/f1f0f4bd43866d80.png","team_id":"TDMMY3DB9","user_id":"U0325HK3NKH","created":1659017782,"user_display_name":"Maximiliano Sibert","avatar_hash":"7f62baa54f5e"},"please_vote":{"name":"please_vote","url":"https://emoji.slack-edge.com/TDMMY3DB9/please_vote/fa401ef2ad7495ed.gif","team_id":"TDMMY3DB9","user_id":"U0325HK3NKH","created":1659017882,"user_display_name":"Maximiliano Sibert","avatar_hash":"7f62baa54f5e"},"plus-one":{"name":"plus-one","url":"https://emoji.slack-edge.com/TDMMY3DB9/plus-one/31ca0af4d081996b.png","team_id":"TDMMY3DB9","user_id":"U060XPXUW01","created":1698323666,"user_display_name":"Cristian Sansó","avatar_hash":"a2bdf2c3aea8"},"pootin'":{"name":"pootin'","url":"https://emoji.slack-edge.com/TDMMY3DB9/pootin%2527/324a8ce5a83710dd.png","team_id":"TDMMY3DB9","user_id":"U0192H4TH9R","created":1609886850,"user_display_name":"Scott Scheferman","avatar_hash":"9087c3d48004"},"problem_solved_resolved":{"name":"problem_solved_resolved","url":"https://emoji.slack-edge.com/TDMMY3DB9/problem_solved_resolved/dc8a9ba20aa0bd1d.png","team_id":"TDMMY3DB9","user_id":"U04Q196254J","created":1715383456,"user_display_name":"Ibrahim Nafea","avatar_hash":"7e4e3bd9c903"},"ptsd":{"name":"ptsd","url":"https://emoji.slack-edge.com/TDMMY3DB9/ptsd/7f9066aed05fab8b.png","team_id":"TDMMY3DB9","user_id":"UDYL6J5K5","created":1642791433,"user_display_name":"Vlad Babkin","avatar_hash":"6a035c1059fa"},"python":{"name":"python","url":"https://emoji.slack-edge.com/TDMMY3DB9/python/e8a2937e09797418.png","team_id":"TDMMY3DB9","user_id":"UNYV0TBAL","created":1660857606,"user_display_name":"Ignacio Taranto","avatar_hash":"34b352431efc"},"racingclub":{"name":"racingclub","url":"https://emoji.slack-edge.com/TDMMY3DB9/racingclub/5b92823321c2b7cb.png","team_id":"TDMMY3DB9","user_id":"U08DWSNT5JP","created":1743714431,"user_display_name":"Luciano Montaruli","avatar_hash":"7b24187d7ad7"},"react-icon":{"name":"react-icon","url":"https://emoji.slack-edge.com/TDMMY3DB9/react-icon/17d4c3c6644b7090.png","team_id":"TDMMY3DB9","user_id":"U060XPXUW01","created":1697568096,"user_display_name":"Cristian Sansó","avatar_hash":"a2bdf2c3aea8"},"river_plate":{"name":"river_plate","url":"https://emoji.slack-edge.com/TDMMY3DB9/river_plate/0f1230836d671b91.png","team_id":"TDMMY3DB9","user_id":"U03FTHMG2CX","created":1661521790,"user_display_name":"Nicolas Ambrogio","avatar_hash":"0ea1230c9540"},"ron":{"name":"ron","url":"https://emoji.slack-edge.com/TDMMY3DB9/ron/2d155fade51267ab.jpg","team_id":"TDMMY3DB9","user_id":"UERS7LR7F","created":1549670745,"user_display_name":"Chris Garland","avatar_hash":"7cab6c78e023"},"ron_has_spoken":{"name":"ron_has_spoken","url":"https://emoji.slack-edge.com/TDMMY3DB9/ron_has_spoken/10ce635eb15498e6.png","team_id":"TDMMY3DB9","user_id":"UDZDDA43F","created":1579225284,"user_display_name":"Mickey","avatar_hash":"3dce6e0f7bf1"},"ruda":{"name":"ruda","url":"https://emoji.slack-edge.com/TDMMY3DB9/ruda/910e20fac959a77a.jpg","team_id":"TDMMY3DB9","user_id":"UDYS5AREY","created":1674246146,"user_display_name":"Daniel Gutson","avatar_hash":"0aa12c266c07"},"sadpepe":{"name":"sadpepe","url":"https://emoji.slack-edge.com/TDMMY3DB9/sadpepe/37d21b96ee483ac5.png","team_id":"TDMMY3DB9","user_id":"U0325HK3NKH","created":1659533972,"user_display_name":"Maximiliano Sibert","avatar_hash":"7f62baa54f5e"},"same":{"name":"same","url":"https://emoji.slack-edge.com/TDMMY3DB9/same/038bc7aad18dd02c.png","team_id":"TDMMY3DB9","user_id":"UDZDDA43F","created":1734400345,"user_display_name":"Mickey","avatar_hash":"3dce6e0f7bf1"},"sapeee":{"name":"sapeee","url":"https://emoji.slack-edge.com/TDMMY3DB9/sapeee/cc92e4a8d2d2e044.jpg","team_id":"TDMMY3DB9","user_id":"U07V4DQTK9N","created":1746626846,"user_display_name":"Cristian Cardellino","avatar_hash":"b4e12198199f"},"shame":{"name":"shame","url":"https://emoji.slack-edge.com/TDMMY3DB9/shame/473043b45f71880a.png","team_id":"TDMMY3DB9","user_id":"U0325HK3NKH","created":1666363285,"user_display_name":"Maximiliano Sibert","avatar_hash":"7f62baa54f5e"},"shut-up-take-my-money":{"name":"shut-up-take-my-money","url":"https://emoji.slack-edge.com/TDMMY3DB9/shut-up-take-my-money/5573e2fc3f2e5f4b.gif","team_id":"TDMMY3DB9","user_id":"U0325HK3NKH","created":1659707227,"user_display_name":"Maximiliano Sibert","avatar_hash":"7f62baa54f5e"},"skynet":{"name":"skynet","url":"https://emoji.slack-edge.com/TDMMY3DB9/skynet/5051d29c4f585df9.png","team_id":"TDMMY3DB9","user_id":"UE02SCC31","created":1562786801,"user_display_name":"Alex Ivkin","avatar_hash":"b878bfa0ee68"},"smart":{"name":"smart","url":"https://emoji.slack-edge.com/TDMMY3DB9/smart/66f1afe68b01b40f.jpg","team_id":"TDMMY3DB9","user_id":"U01JFN34MCJ","created":1755099863,"user_display_name":"Martín Fernández","avatar_hash":"c1905ad53709"},"spiderman_pointing":{"name":"spiderman_pointing","url":"https://emoji.slack-edge.com/TDMMY3DB9/spiderman_pointing/8044afe329cccf82.png","team_id":"TDMMY3DB9","user_id":"U0325HK3NKH","created":1646861911,"user_display_name":"Maximiliano Sibert","avatar_hash":"7f62baa54f5e"},"stop_sign":{"name":"stop_sign","url":"https://emoji.slack-edge.com/TDMMY3DB9/stop_sign/3ff19379b82e79b4.png","team_id":"TDMMY3DB9","user_id":"UDYS5AREY","created":1584539456,"user_display_name":"Daniel Gutson","avatar_hash":"0aa12c266c07"},"success":{"name":"success","url":"https://emoji.slack-edge.com/TDMMY3DB9/success/5793c5bba47b8d48.png","team_id":"TDMMY3DB9","user_id":"U0325HK3NKH","created":1659033691,"user_display_name":"Maximiliano Sibert","avatar_hash":"7f62baa54f5e"},"surprised_pikachu":{"name":"surprised_pikachu","url":"https://emoji.slack-edge.com/TDMMY3DB9/surprised_pikachu/2be2023ca1dc6dc1.jpg","team_id":"TDMMY3DB9","user_id":"UDYUZGN3X","created":1599513157,"user_display_name":"Gaston Galante [TERM]","avatar_hash":"14acd4e462c8"},"swing_female":{"name":"swing_female","url":"https://emoji.slack-edge.com/TDMMY3DB9/swing_female/aea2ee408df19067.png","team_id":"TDMMY3DB9","user_id":"UDYS5AREY","created":1728311864,"user_display_name":"Daniel Gutson","avatar_hash":"0aa12c266c07"},"swing_male":{"name":"swing_male","url":"https://emoji.slack-edge.com/TDMMY3DB9/swing_male/dbade349109737c0.jpg","team_id":"TDMMY3DB9","user_id":"UDYS5AREY","created":1728311851,"user_display_name":"Daniel Gutson","avatar_hash":"0aa12c266c07"},"talleres_flag":{"name":"talleres_flag","url":"https://emoji.slack-edge.com/TDMMY3DB9/talleres_flag/eb15ef8e0ac7c2db.png","team_id":"TDMMY3DB9","user_id":"U01L3118G2J","created":1657030295,"user_display_name":"Maria Curetti","avatar_hash":"0e7b00ccda1b"},"tano-pasman":{"name":"tano-pasman","url":"https://emoji.slack-edge.com/TDMMY3DB9/tano-pasman/ddd19ba2d449a38f.png","team_id":"TDMMY3DB9","user_id":"UDYS5AREY","created":1662410831,"user_display_name":"Daniel Gutson","avatar_hash":"0aa12c266c07"},"tb1":{"name":"tb1","url":"https://emoji.slack-edge.com/TDMMY3DB9/tb1/ad5fcb86308f5697.png","team_id":"TDMMY3DB9","user_id":"UERS7LR7F","created":1607552363,"user_display_name":"Chris Garland","avatar_hash":"7cab6c78e023"},"tb2":{"name":"tb2","url":"https://emoji.slack-edge.com/TDMMY3DB9/tb2/2c747c803ff6ff4a.png","team_id":"TDMMY3DB9","user_id":"UERS7LR7F","created":1607552381,"user_display_name":"Chris Garland","avatar_hash":"7cab6c78e023"},"tcp-ack":{"name":"tcp-ack","url":"https://emoji.slack-edge.com/TDMMY3DB9/tcp-ack/4148189ab9de48b7.png","team_id":"TDMMY3DB9","user_id":"U03BUQ7J5TP","created":1740692603,"user_display_name":"Wes Dobry","avatar_hash":"944b4e2c43ba"},"teamwork":{"name":"teamwork","url":"https://emoji.slack-edge.com/TDMMY3DB9/teamwork/f18f89f44180f61e.gif","team_id":"TDMMY3DB9","user_id":"U0325HK3NKH","created":1688141179,"user_display_name":"Maximiliano Sibert","avatar_hash":"7f62baa54f5e"},"tequila":{"name":"tequila","url":"https://emoji.slack-edge.com/TDMMY3DB9/tequila/514475dee19ff0c3.jpg","team_id":"TDMMY3DB9","user_id":"UDZDDA43F","created":1563482002,"user_display_name":"Mickey","avatar_hash":"3dce6e0f7bf1"},"terminator":{"name":"terminator","url":"https://emoji.slack-edge.com/TDMMY3DB9/terminator/6d8230d1f6b103b1.jpg","team_id":"TDMMY3DB9","user_id":"UE02SCC31","created":1562879012,"user_display_name":"Alex Ivkin","avatar_hash":"b878bfa0ee68"},"thankyou":{"name":"thankyou","url":"https://emoji.slack-edge.com/TDMMY3DB9/thankyou/f0edad1c632bce47.gif","team_id":"TDMMY3DB9","user_id":"UDYP1869H","created":1721227594,"user_display_name":"Marcos Diaz","avatar_hash":"a9d75af00cd1"},"this-is-fine-fire":{"name":"this-is-fine-fire","url":"https://emoji.slack-edge.com/TDMMY3DB9/this-is-fine-fire/330b4dff7b8ee6d9.gif","team_id":"TDMMY3DB9","user_id":"U0325HK3NKH","created":1656453827,"user_display_name":"Maximiliano Sibert","avatar_hash":"7f62baa54f5e"},"thisisfine":{"name":"thisisfine","url":"https://emoji.slack-edge.com/TDMMY3DB9/thisisfine/9247daa55e830df3.png","team_id":"TDMMY3DB9","user_id":"UE0JJPMSA","created":1574709783,"user_display_name":"Jesse Michael","avatar_hash":"5d6f898f8935"},"thisistheway":{"name":"thisistheway","url":"https://emoji.slack-edge.com/TDMMY3DB9/thisistheway/617f2cfb279f8e27.png","team_id":"TDMMY3DB9","user_id":"U0325HK3NKH","created":1707918375,"user_display_name":"Maximiliano Sibert","avatar_hash":"7f62baa54f5e"},"thundercats":{"name":"thundercats","url":"https://emoji.slack-edge.com/TDMMY3DB9/thundercats/6ab801d19ed55d84.png","team_id":"TDMMY3DB9","user_id":"U0325HK3NKH","created":1656453919,"user_display_name":"Maximiliano Sibert","avatar_hash":"7f62baa54f5e"},"tlpamber":{"name":"tlpamber","url":"https://emoji.slack-edge.com/TDMMY3DB9/tlpamber/4e131646f8fcb346.gif","team_id":"TDMMY3DB9","user_id":"UNDQA6KJR","created":1586294677,"user_display_name":"Steve Mancini","avatar_hash":"7c3ec1301723"},"tlpgreen":{"name":"tlpgreen","url":"https://emoji.slack-edge.com/TDMMY3DB9/tlpgreen/f46162fd867d314e.gif","team_id":"TDMMY3DB9","user_id":"UNDQA6KJR","created":1586294758,"user_display_name":"Steve Mancini","avatar_hash":"7c3ec1301723"},"tlpred":{"name":"tlpred","url":"https://emoji.slack-edge.com/TDMMY3DB9/tlpred/6edb0319dd20eaa6.gif","team_id":"TDMMY3DB9","user_id":"UNDQA6KJR","created":1586294721,"user_display_name":"Steve Mancini","avatar_hash":"7c3ec1301723"},"toyota":{"name":"toyota","url":"https://emoji.slack-edge.com/TDMMY3DB9/toyota/7f26ab2cdcedc39c.jpg","team_id":"TDMMY3DB9","user_id":"U039SMRCP7D","created":1699624322,"user_display_name":"Gabriel Cerceau","avatar_hash":"g82794438695"},"trello":{"name":"trello","url":"https://emoji.slack-edge.com/TDMMY3DB9/trello/76b43f26c1af59bc.png","team_id":"TDMMY3DB9","user_id":"UDYS5AREY","created":1643315043,"user_display_name":"Daniel Gutson","avatar_hash":"0aa12c266c07"},"trucazo":{"name":"trucazo","url":"https://emoji.slack-edge.com/TDMMY3DB9/trucazo/1afd43898017540f.jpg","team_id":"TDMMY3DB9","user_id":"UDYP1869H","created":1729625364,"user_display_name":"Marcos Diaz","avatar_hash":"a9d75af00cd1"},"true_story":{"name":"true_story","url":"https://emoji.slack-edge.com/TDMMY3DB9/true_story/ecc6696898a1661a.png","team_id":"TDMMY3DB9","user_id":"U0325HK3NKH","created":1680295631,"user_display_name":"Maximiliano Sibert","avatar_hash":"7f62baa54f5e"},"tumbleweed":{"name":"tumbleweed","url":"https://emoji.slack-edge.com/TDMMY3DB9/tumbleweed/826c936830ebc34f.gif","team_id":"TDMMY3DB9","user_id":"U0629CVLMC0","created":1749834294,"user_display_name":"Ezequiel Fuentes","avatar_hash":"9efa77718291"},"typingcat":{"name":"typingcat","url":"https://emoji.slack-edge.com/TDMMY3DB9/typingcat/4367b963b6432dca.gif","team_id":"TDMMY3DB9","user_id":"U0325HK3NKH","created":1659365446,"user_display_name":"Maximiliano Sibert","avatar_hash":"7f62baa54f5e"},"ubuntu":{"name":"ubuntu","url":"https://emoji.slack-edge.com/TDMMY3DB9/ubuntu/b6373f7ad5cc4748.png","team_id":"TDMMY3DB9","user_id":"U0325HK3NKH","created":1671039140,"user_display_name":"Maximiliano Sibert","avatar_hash":"7f62baa54f5e"},"velez":{"name":"velez","url":"https://emoji.slack-edge.com/TDMMY3DB9/velez/8e0cde1578cb7e7e.png","team_id":"TDMMY3DB9","user_id":"U02APGZJ8K0","created":1725477882,"user_display_name":"Sebastian Pla","avatar_hash":"7e1994360e5e"},"very_frustrated":{"name":"very_frustrated","url":"https://emoji.slack-edge.com/TDMMY3DB9/very_frustrated/134f1eb4bed3b918.png","team_id":"TDMMY3DB9","user_id":"UDYS5AREY","created":1662398218,"user_display_name":"Daniel Gutson","avatar_hash":"0aa12c266c07"},"vim":{"name":"vim","url":"https://emoji.slack-edge.com/TDMMY3DB9/vim/309228ac88acff04.png","team_id":"TDMMY3DB9","user_id":"UNYV0TBAL","created":1662399298,"user_display_name":"Ignacio Taranto","avatar_hash":"34b352431efc"},"virtual-meeting":{"name":"virtual-meeting","url":"https://emoji.slack-edge.com/TDMMY3DB9/virtual-meeting/c908b71fe498d91d.png","team_id":"TDMMY3DB9","user_id":"U04Q196254J","created":1740103788,"user_display_name":"Ibrahim Nafea","avatar_hash":"7e4e3bd9c903"},"waiting":{"name":"waiting","url":"https://emoji.slack-edge.com/TDMMY3DB9/waiting/c1ef72a35c4c4209.png","team_id":"TDMMY3DB9","user_id":"U0325HK3NKH","created":1710440090,"user_display_name":"Maximiliano Sibert","avatar_hash":"7f62baa54f5e"},"walking-the-dog":{"name":"walking-the-dog","url":"https://emoji.slack-edge.com/TDMMY3DB9/walking-the-dog/c908b71fe498d91d.png","team_id":"TDMMY3DB9","user_id":"U04Q196254J","created":1740103788,"user_display_name":"Ibrahim Nafea","avatar_hash":"7e4e3bd9c903"},"watching-you":{"name":"watching-you","url":"https://emoji.slack-edge.com/TDMMY3DB9/watching-you/4b525fe0ce58676a.gif","team_id":"TDMMY3DB9","user_id":"U0325HK3NKH","created":1688143330,"user_display_name":"Maximiliano Sibert","avatar_hash":"7f62baa54f5e"},"waterfall":{"name":"waterfall","url":"https://emoji.slack-edge.com/TDMMY3DB9/waterfall/8fd2f1d2d4f88f39.jpg","team_id":"TDMMY3DB9","user_id":"UDYS5AREY","created":1647266634,"user_display_name":"Daniel Gutson","avatar_hash":"0aa12c266c07"},"waving-from-afar-left":{"name":"waving-from-afar-left","url":"https://emoji.slack-edge.com/TDMMY3DB9/waving-from-afar-left/c908b71fe498d91d.png","team_id":"TDMMY3DB9","user_id":"U04Q196254J","created":1740103788,"user_display_name":"Ibrahim Nafea","avatar_hash":"7e4e3bd9c903"},"waving-from-afar-right":{"name":"waving-from-afar-right","url":"https://emoji.slack-edge.com/TDMMY3DB9/waving-from-afar-right/c908b71fe498d91d.png","team_id":"TDMMY3DB9","user_id":"U04Q196254J","created":1740103788,"user_display_name":"Ibrahim Nafea","avatar_hash":"7e4e3bd9c903"},"xpihobyxa":{"name":"xpihobyxa","url":"https://emoji.slack-edge.com/TDMMY3DB9/xpihobyxa/c1bb22e56621cb5f.jpg","team_id":"TDMMY3DB9","user_id":"UERS7LR7F","created":1563482298,"user_display_name":"Chris Garland","avatar_hash":"7cab6c78e023"},"yes_icon":{"name":"yes_icon","url":"https://emoji.slack-edge.com/TDMMY3DB9/yes_icon/ba67bcddc5bb37a3.png","team_id":"TDMMY3DB9","user_id":"U03FTHMG2CX","created":1663262452,"user_display_name":"Nicolas Ambrogio","avatar_hash":"0ea1230c9540"},"you-got-it":{"name":"you-got-it","url":"https://emoji.slack-edge.com/TDMMY3DB9/you-got-it/7469de45ebb84c0c.png","team_id":"TDMMY3DB9","user_id":"U03BUQ7J5TP","created":1741363637,"user_display_name":"Wes Dobry","avatar_hash":"944b4e2c43ba"},"you_dont_say":{"name":"you_dont_say","url":"https://emoji.slack-edge.com/TDMMY3DB9/you_dont_say/8dc332a91bd518be.gif","team_id":"TDMMY3DB9","user_id":"UDYUZGN3X","created":1599513018,"user_display_name":"Gaston Galante [TERM]","avatar_hash":"14acd4e462c8"},"yourewelcome":{"name":"yourewelcome","url":"https://emoji.slack-edge.com/TDMMY3DB9/yourewelcome/e3e3d97652801e9f.png","team_id":"TDMMY3DB9","user_id":"U04Q196254J","created":1716910982,"user_display_name":"Ibrahim Nafea","avatar_hash":"7e4e3bd9c903"}}
